
-- EMPOSITION
INSERT INTO "APP2"."EMPOSITION" (ID,CREATED_BY,CREATED_DATE,STATUS,UPDATED_BY,UPDATED_DATE,VERSION,POSITION_CODE,POSITION_NAME) VALUES (100001,null,null,null,null,null,0,'P001','Software Developer Trainee');
INSERT INTO "APP2"."EMPOSITION" (ID,CREATED_BY,CREATED_DATE,STATUS,UPDATED_BY,UPDATED_DATE,VERSION,POSITION_CODE,POSITION_NAME) VALUES (100002,null,null,null,null,null,0,'P002','Business Analysis');
INSERT INTO "APP2"."EMPOSITION" (ID,CREATED_BY,CREATED_DATE,STATUS,UPDATED_BY,UPDATED_DATE,VERSION,POSITION_CODE,POSITION_NAME) VALUES (100003,null,null,null,null,null,0,'P003','Software Developer');
INSERT INTO "APP2"."EMPOSITION" (ID,CREATED_BY,CREATED_DATE,STATUS,UPDATED_BY,UPDATED_DATE,VERSION,POSITION_CODE,POSITION_NAME) VALUES (100004,null,null,null,null,null,0,'P004','Project Manager');
INSERT INTO "APP2"."EMPOSITION" (ID,CREATED_BY,CREATED_DATE,STATUS,UPDATED_BY,UPDATED_DATE,VERSION,POSITION_CODE,POSITION_NAME) VALUES (100005,null,null,null,null,null,0,'P005','Administrator');

-- EMTEAM
INSERT INTO "APP2"."EMTEAM" (ID,CREATED_BY,CREATED_DATE,STATUS,UPDATED_BY,UPDATED_DATE,VERSION,TEAM_CODE,TEAM_NAME) VALUES (100001,null,null,null,null,null,0,'T001','Lomanoi');
INSERT INTO "APP2"."EMTEAM" (ID,CREATED_BY,CREATED_DATE,STATUS,UPDATED_BY,UPDATED_DATE,VERSION,TEAM_CODE,TEAM_NAME) VALUES (100002,null,null,null,null,null,0,'T002','Soft Soft');
INSERT INTO "APP2"."EMTEAM" (ID,CREATED_BY,CREATED_DATE,STATUS,UPDATED_BY,UPDATED_DATE,VERSION,TEAM_CODE,TEAM_NAME) VALUES (100003,null,null,null,null,null,0,'T003','Changnoimommam');
INSERT INTO "APP2"."EMTEAM" (ID,CREATED_BY,CREATED_DATE,STATUS,UPDATED_BY,UPDATED_DATE,VERSION,TEAM_CODE,TEAM_NAME) VALUES (100004,null,null,null,null,null,0,'T004','Finally');

-- EMEMPLOYEE
INSERT INTO "APP2"."EMEMPLOYEE" (ID,CREATED_BY,CREATED_DATE,STATUS,UPDATED_BY,UPDATED_DATE,VERSION,EMAIL,EMP_CODE,EMP_FIRST_NAME,EMP_LAST_NAME,EMP_NAME,EMP_NICK_NAME,PASSWORD,ROLE_CODE,USER_NAME,EM_POSITION,EM_TEAM) VALUES (100001,null,null,null,null,null,1,'a@email.com','EM001','กิตติศักดิ์','บำรุงเขต',null,'เอ','admin','ADMIN','admin',100005,100002);
INSERT INTO "APP2"."EMEMPLOYEE" (ID,CREATED_BY,CREATED_DATE,STATUS,UPDATED_BY,UPDATED_DATE,VERSION,EMAIL,EMP_CODE,EMP_FIRST_NAME,EMP_LAST_NAME,EMP_NAME,EMP_NICK_NAME,PASSWORD,ROLE_CODE,USER_NAME,EM_POSITION,EM_TEAM) VALUES (100002,null,null,null,null,null,1,'b@email.com','EM002','โฆสิต','พงษ์ไพร',null,'บี','58060','EM','58060',100001,100002);
INSERT INTO "APP2"."EMEMPLOYEE" (ID,CREATED_BY,CREATED_DATE,STATUS,UPDATED_BY,UPDATED_DATE,VERSION,EMAIL,EMP_CODE,EMP_FIRST_NAME,EMP_LAST_NAME,EMP_NAME,EMP_NICK_NAME,PASSWORD,ROLE_CODE,USER_NAME,EM_POSITION,EM_TEAM) VALUES (100003,null,null,null,null,null,1,'c@email.com','EM003','ชยณัฐ','ลภนะพันธ์',null,'ซี','58024','EM','58024',100001,100002);
INSERT INTO "APP2"."EMEMPLOYEE" (ID,CREATED_BY,CREATED_DATE,STATUS,UPDATED_BY,UPDATED_DATE,VERSION,EMAIL,EMP_CODE,EMP_FIRST_NAME,EMP_LAST_NAME,EMP_NAME,EMP_NICK_NAME,PASSWORD,ROLE_CODE,USER_NAME,EM_POSITION,EM_TEAM) VALUES (100004,null,null,null,null,null,1,'d@email.com','EM004','ชยธร','พัฒนศักดิ์ภิญโญ',null,'ดี','em004','EM','em004',100003,100002);
INSERT INTO "APP2"."EMEMPLOYEE" (ID,CREATED_BY,CREATED_DATE,STATUS,UPDATED_BY,UPDATED_DATE,VERSION,EMAIL,EMP_CODE,EMP_FIRST_NAME,EMP_LAST_NAME,EMP_NAME,EMP_NICK_NAME,PASSWORD,ROLE_CODE,USER_NAME,EM_POSITION,EM_TEAM) VALUES (100005,null,null,null,null,null,1,'e@email.com','EM005','ณัฐดนัย','ศรีดาวงษ์',null,'อี','em005','EM','em005',100003,100002);
INSERT INTO "APP2"."EMEMPLOYEE" (ID,CREATED_BY,CREATED_DATE,STATUS,UPDATED_BY,UPDATED_DATE,VERSION,EMAIL,EMP_CODE,EMP_FIRST_NAME,EMP_LAST_NAME,EMP_NAME,EMP_NICK_NAME,PASSWORD,ROLE_CODE,USER_NAME,EM_POSITION,EM_TEAM) VALUES (100006,null,null,null,null,null,1,'f@email.com','EM006','พรกนก','นิ่มสำลี',null,'เอฟ','em006','EM','em006',100002,100002);
INSERT INTO "APP2"."EMEMPLOYEE" (ID,CREATED_BY,CREATED_DATE,STATUS,UPDATED_BY,UPDATED_DATE,VERSION,EMAIL,EMP_CODE,EMP_FIRST_NAME,EMP_LAST_NAME,EMP_NAME,EMP_NICK_NAME,PASSWORD,ROLE_CODE,USER_NAME,EM_POSITION,EM_TEAM) VALUES (100007,null,null,null,null,null,1,'g@email.com','EM007','พจน์','ปุญญฤทธิ์',null,'จี','em007','EM','em007',100001,100002);
INSERT INTO "APP2"."EMEMPLOYEE" (ID,CREATED_BY,CREATED_DATE,STATUS,UPDATED_BY,UPDATED_DATE,VERSION,EMAIL,EMP_CODE,EMP_FIRST_NAME,EMP_LAST_NAME,EMP_NAME,EMP_NICK_NAME,PASSWORD,ROLE_CODE,USER_NAME,EM_POSITION,EM_TEAM) VALUES (100008,null,null,null,null,null,1,'h@email.com','EM008','ภัคพล','แสงมณี',null,'เอช','em008','EM','em008',100001,100001);
INSERT INTO "APP2"."EMEMPLOYEE" (ID,CREATED_BY,CREATED_DATE,STATUS,UPDATED_BY,UPDATED_DATE,VERSION,EMAIL,EMP_CODE,EMP_FIRST_NAME,EMP_LAST_NAME,EMP_NAME,EMP_NICK_NAME,PASSWORD,ROLE_CODE,USER_NAME,EM_POSITION,EM_TEAM) VALUES (100009,null,null,null,null,null,1,'i@email.com','EM009','รักดี','มีรักเดียว',null,'ไอ','em009','EM','em009',100001,100001);
INSERT INTO "APP2"."EMEMPLOYEE" (ID,CREATED_BY,CREATED_DATE,STATUS,UPDATED_BY,UPDATED_DATE,VERSION,EMAIL,EMP_CODE,EMP_FIRST_NAME,EMP_LAST_NAME,EMP_NAME,EMP_NICK_NAME,PASSWORD,ROLE_CODE,USER_NAME,EM_POSITION,EM_TEAM) VALUES (100010,null,null,null,null,null,1,'j@email.com','EM010','หนุ่มฟ้อหล่อเฟี้ยว','ผมคนเดียวรูปฟล่อ',null,'เจ','em010','EM','em010',100001,100001);
INSERT INTO "APP2"."EMEMPLOYEE" (ID,CREATED_BY,CREATED_DATE,STATUS,UPDATED_BY,UPDATED_DATE,VERSION,EMAIL,EMP_CODE,EMP_FIRST_NAME,EMP_LAST_NAME,EMP_NAME,EMP_NICK_NAME,PASSWORD,ROLE_CODE,USER_NAME,EM_POSITION,EM_TEAM) VALUES (100011,null,null,null,null,null,1,'k@email.com','EM011','จ','ฉ',null,'เค','em011',null,'em011',100001,100001);
INSERT INTO "APP2"."EMEMPLOYEE" (ID,CREATED_BY,CREATED_DATE,STATUS,UPDATED_BY,UPDATED_DATE,VERSION,EMAIL,EMP_CODE,EMP_FIRST_NAME,EMP_LAST_NAME,EMP_NAME,EMP_NICK_NAME,PASSWORD,ROLE_CODE,USER_NAME,EM_POSITION,EM_TEAM) VALUES (100012,null,null,null,null,null,1,'l@email.com','EM012','ช','ซ',null,'แอล','em012',null,'em012',100001,100001);
INSERT INTO "APP2"."EMEMPLOYEE" (ID,CREATED_BY,CREATED_DATE,STATUS,UPDATED_BY,UPDATED_DATE,VERSION,EMAIL,EMP_CODE,EMP_FIRST_NAME,EMP_LAST_NAME,EMP_NAME,EMP_NICK_NAME,PASSWORD,ROLE_CODE,USER_NAME,EM_POSITION,EM_TEAM) VALUES (100013,null,null,null,null,null,1,'m@email.com','EM013','1','2',null,'เอ็ม','em013',null,'em013',100001,100001);
INSERT INTO "APP2"."EMEMPLOYEE" (ID,CREATED_BY,CREATED_DATE,STATUS,UPDATED_BY,UPDATED_DATE,VERSION,EMAIL,EMP_CODE,EMP_FIRST_NAME,EMP_LAST_NAME,EMP_NAME,EMP_NICK_NAME,PASSWORD,ROLE_CODE,USER_NAME,EM_POSITION,EM_TEAM) VALUES (100014,null,null,null,null,null,1,'n@email.com','EM014','3','4',null,'เอ็น','em014',null,'em014',100001,100001);
INSERT INTO "APP2"."EMEMPLOYEE" (ID,CREATED_BY,CREATED_DATE,STATUS,UPDATED_BY,UPDATED_DATE,VERSION,EMAIL,EMP_CODE,EMP_FIRST_NAME,EMP_LAST_NAME,EMP_NAME,EMP_NICK_NAME,PASSWORD,ROLE_CODE,USER_NAME,EM_POSITION,EM_TEAM) VALUES (100015,null,null,null,null,null,1,'o@email.com','EM015','5','6',null,'โอ','em015',null,'em015',100001,100001);
INSERT INTO "APP2"."EMEMPLOYEE" (ID,CREATED_BY,CREATED_DATE,STATUS,UPDATED_BY,UPDATED_DATE,VERSION,EMAIL,EMP_CODE,EMP_FIRST_NAME,EMP_LAST_NAME,EMP_NAME,EMP_NICK_NAME,PASSWORD,ROLE_CODE,USER_NAME,EM_POSITION,EM_TEAM) VALUES (100016,null,null,null,null,null,1,'p@email.com','EM016','โปรเจคเมเนเจอร์','1',null,'พี','em016','PM','em016',100004,100001);
INSERT INTO "APP2"."EMEMPLOYEE" (ID,CREATED_BY,CREATED_DATE,STATUS,UPDATED_BY,UPDATED_DATE,VERSION,EMAIL,EMP_CODE,EMP_FIRST_NAME,EMP_LAST_NAME,EMP_NAME,EMP_NICK_NAME,PASSWORD,ROLE_CODE,USER_NAME,EM_POSITION,EM_TEAM) VALUES (100017,null,null,null,null,null,1,'q@email.com','EM017','โปรเจคเมเนเจอร์','2',null,'คิว','em017','PM','em017',100004,100002);
INSERT INTO "APP2"."EMEMPLOYEE" (ID,CREATED_BY,CREATED_DATE,STATUS,UPDATED_BY,UPDATED_DATE,VERSION,EMAIL,EMP_CODE,EMP_FIRST_NAME,EMP_LAST_NAME,EMP_NAME,EMP_NICK_NAME,PASSWORD,ROLE_CODE,USER_NAME,EM_POSITION,EM_TEAM) VALUES (100018,null,null,null,null,null,1,'r@email.com','EM018','โปรเจคเมเนเจอร์','3',null,'อาร์','em018','PM','em018',100004,100003);